-- MySQL dump 10.13  Distrib 8.0.23, for Win64 (x86_64)
--
-- Host: localhost    Database: game_database
-- ------------------------------------------------------
-- Server version	8.0.23

/*!40101 SET @OLD_CHARACTER_SET_CLIENT=@@CHARACTER_SET_CLIENT */;
/*!40101 SET @OLD_CHARACTER_SET_RESULTS=@@CHARACTER_SET_RESULTS */;
/*!40101 SET @OLD_COLLATION_CONNECTION=@@COLLATION_CONNECTION */;
/*!50503 SET NAMES utf8 */;
/*!40103 SET @OLD_TIME_ZONE=@@TIME_ZONE */;
/*!40103 SET TIME_ZONE='+00:00' */;
/*!40014 SET @OLD_UNIQUE_CHECKS=@@UNIQUE_CHECKS, UNIQUE_CHECKS=0 */;
/*!40014 SET @OLD_FOREIGN_KEY_CHECKS=@@FOREIGN_KEY_CHECKS, FOREIGN_KEY_CHECKS=0 */;
/*!40101 SET @OLD_SQL_MODE=@@SQL_MODE, SQL_MODE='NO_AUTO_VALUE_ON_ZERO' */;
/*!40111 SET @OLD_SQL_NOTES=@@SQL_NOTES, SQL_NOTES=0 */;

--
-- Table structure for table `login_log`
--

DROP TABLE IF EXISTS `login_log`;
/*!40101 SET @saved_cs_client     = @@character_set_client */;
/*!50503 SET character_set_client = utf8mb4 */;
CREATE TABLE `login_log` (
  `idLogin_log` int NOT NULL AUTO_INCREMENT,
  `Succesful` tinyint DEFAULT NULL,
  `idlogin_user` int DEFAULT NULL,
  `last_logindate` datetime NOT NULL DEFAULT CURRENT_TIMESTAMP,
  `log_reason` varchar(4000) DEFAULT NULL,
  PRIMARY KEY (`idLogin_log`),
  KEY `fk_login_log_login_user_idx` (`idlogin_user`),
  CONSTRAINT `fk_login_log_login_user` FOREIGN KEY (`idlogin_user`) REFERENCES `login_user` (`idlogin_user`) ON DELETE CASCADE ON UPDATE CASCADE
) ENGINE=InnoDB AUTO_INCREMENT=1106 DEFAULT CHARSET=utf8mb4 COLLATE=utf8mb4_0900_ai_ci;
/*!40101 SET character_set_client = @saved_cs_client */;

--
-- Dumping data for table `login_log`
--

LOCK TABLES `login_log` WRITE;
/*!40000 ALTER TABLE `login_log` DISABLE KEYS */;
INSERT INTO `login_log` VALUES (1,1,26,'2021-10-05 10:12:20','successful login'),(2,0,NULL,'2021-10-05 10:19:22','User doesn\'t exist with hhh!'),(3,1,26,'2021-10-07 14:43:53','successful login'),(4,1,26,'2021-10-07 16:43:08','successful login'),(5,1,26,'2021-10-07 17:19:01','successful login'),(6,1,26,'2021-10-07 17:29:38','successful login'),(7,1,26,'2021-10-07 17:47:47','successful login'),(8,1,26,'2021-10-07 17:48:44','successful login'),(9,1,26,'2021-10-07 17:50:21','successful login'),(10,1,26,'2021-10-07 17:52:50','successful login'),(11,1,26,'2021-10-07 18:17:04','successful login'),(12,1,26,'2021-10-07 18:40:28','successful login'),(13,1,26,'2021-10-07 18:41:09','successful login'),(14,1,26,'2021-10-07 18:44:09','successful login'),(15,1,26,'2021-10-07 18:51:22','successful login'),(16,1,26,'2021-10-07 18:52:14','successful login'),(17,1,26,'2021-10-07 19:12:54','successful login'),(18,1,26,'2021-10-07 19:14:05','successful login'),(19,1,26,'2021-10-08 16:57:19','successful login'),(20,1,26,'2021-10-08 17:10:24','successful login'),(21,1,26,'2021-10-08 17:29:13','successful login'),(22,1,26,'2021-10-08 17:32:04','successful login'),(23,1,26,'2021-10-08 17:34:33','successful login'),(24,1,26,'2021-10-08 17:35:35','successful login'),(25,1,26,'2021-10-08 17:36:40','successful login'),(26,1,26,'2021-10-08 17:39:34','successful login'),(27,1,26,'2021-10-08 17:42:52','successful login'),(28,1,26,'2021-10-08 17:45:00','successful login'),(29,1,26,'2021-10-08 17:46:36','successful login'),(30,1,26,'2021-10-08 17:54:33','successful login'),(31,1,26,'2021-10-08 17:55:21','successful login'),(32,1,26,'2021-10-10 15:04:55','successful login'),(33,1,26,'2021-10-10 15:18:09','successful login'),(34,1,26,'2021-10-10 15:33:45','successful login'),(35,1,26,'2021-10-12 17:36:01','successful login'),(36,1,26,'2021-10-12 17:39:08','successful login'),(37,1,26,'2021-10-12 17:44:44','successful login'),(38,1,26,'2021-10-12 18:20:44','successful login'),(39,1,26,'2021-10-12 18:27:15','successful login'),(40,1,26,'2021-10-12 18:28:17','successful login'),(41,1,26,'2021-10-12 18:30:29','successful login'),(42,1,26,'2021-10-12 18:31:53','successful login'),(43,1,26,'2021-10-12 18:36:49','successful login'),(44,1,26,'2021-10-12 19:04:06','successful login'),(45,1,26,'2021-10-12 19:06:01','successful login'),(46,1,26,'2021-10-12 19:08:45','successful login'),(47,1,26,'2021-10-12 19:09:30','successful login'),(48,1,26,'2021-10-12 19:11:53','successful login'),(49,1,26,'2021-10-12 19:23:09','successful login'),(50,1,26,'2021-10-12 19:27:26','successful login'),(51,1,26,'2021-10-12 19:29:10','successful login'),(52,1,26,'2021-10-12 19:31:45','successful login'),(53,1,26,'2021-10-12 19:33:55','successful login'),(54,1,26,'2021-10-12 19:35:02','successful login'),(55,1,26,'2021-10-12 19:36:29','successful login'),(56,1,26,'2021-10-12 19:37:45','successful login'),(57,1,26,'2021-10-12 19:39:26','successful login'),(58,1,26,'2021-10-12 19:40:10','successful login'),(59,1,26,'2021-10-12 19:42:00','successful login'),(60,1,26,'2021-10-12 19:42:19','successful login'),(61,1,26,'2021-10-12 19:43:46','successful login'),(62,1,26,'2021-10-12 19:47:31','successful login'),(63,1,26,'2021-10-13 09:54:06','successful login'),(64,1,26,'2021-10-13 10:12:28','successful login'),(65,1,26,'2021-10-13 10:24:57','successful login'),(66,1,26,'2021-10-13 10:32:45','successful login'),(67,1,26,'2021-10-13 11:01:21','successful login'),(68,1,26,'2021-10-13 11:12:02','successful login'),(69,1,26,'2021-10-13 11:41:50','successful login'),(70,1,26,'2021-10-13 11:54:29','successful login'),(71,1,26,'2021-10-13 11:55:49','successful login'),(72,1,26,'2021-10-13 12:04:54','successful login'),(73,1,26,'2021-10-13 12:05:21','successful login'),(74,1,26,'2021-10-13 12:12:38','successful login'),(75,1,26,'2021-10-13 12:13:15','successful login'),(76,1,26,'2021-10-13 12:15:12','successful login'),(77,1,26,'2021-10-13 12:19:15','successful login'),(78,1,26,'2021-10-13 12:32:59','successful login'),(79,1,26,'2021-10-13 12:35:05','successful login'),(80,1,26,'2021-10-13 12:39:58','successful login'),(81,1,26,'2021-10-13 12:42:46','successful login'),(82,1,26,'2021-10-13 12:45:36','successful login'),(83,1,26,'2021-10-13 12:46:24','successful login'),(84,1,26,'2021-10-13 12:46:59','successful login'),(85,1,26,'2021-10-13 12:51:03','successful login'),(86,1,26,'2021-10-13 12:54:05','successful login'),(87,1,26,'2021-10-13 12:56:06','successful login'),(88,1,26,'2021-10-13 13:00:42','successful login'),(89,1,26,'2021-10-13 13:31:53','successful login'),(90,1,26,'2021-10-13 14:02:37','successful login'),(91,1,26,'2021-10-13 14:08:22','successful login'),(92,1,26,'2021-10-13 14:19:24','successful login'),(93,1,26,'2021-10-13 14:19:25','successful login'),(94,1,26,'2021-10-13 14:19:29','successful login'),(95,1,26,'2021-10-13 14:19:30','successful login'),(96,1,26,'2021-10-13 14:19:30','successful login'),(97,1,26,'2021-10-13 14:19:31','successful login'),(98,1,26,'2021-10-13 14:19:31','successful login'),(99,1,26,'2021-10-13 14:26:26','successful login'),(100,1,26,'2021-10-13 14:30:13','successful login'),(101,1,26,'2021-10-13 14:31:29','successful login'),(102,1,26,'2021-10-13 14:34:16','successful login'),(103,1,26,'2021-10-13 14:36:42','successful login'),(104,1,26,'2021-10-13 14:45:16','successful login'),(105,1,26,'2021-10-13 14:46:20','successful login'),(106,1,26,'2021-10-13 14:47:24','successful login'),(107,1,26,'2021-10-13 14:49:40','successful login'),(108,1,26,'2021-10-13 14:50:55','successful login'),(109,1,26,'2021-10-13 14:54:41','successful login'),(110,1,26,'2021-10-13 14:55:39','successful login'),(111,1,26,'2021-10-13 14:57:56','successful login'),(112,1,26,'2021-10-13 15:00:17','successful login'),(113,1,26,'2021-10-13 15:12:57','successful login'),(114,1,26,'2021-10-15 10:50:50','successful login'),(115,1,26,'2021-10-15 11:07:52','successful login'),(116,1,26,'2021-10-15 11:32:53','successful login'),(117,1,26,'2021-10-15 11:34:45','successful login'),(118,1,26,'2021-10-15 11:40:10','successful login'),(119,1,26,'2021-10-15 11:41:18','successful login'),(120,1,26,'2021-10-15 11:43:00','successful login'),(121,1,26,'2021-10-15 11:45:22','successful login'),(122,1,26,'2021-10-15 11:46:34','successful login'),(123,1,26,'2021-10-15 11:47:27','successful login'),(124,1,26,'2021-10-15 12:17:57','successful login'),(125,1,26,'2021-10-16 15:56:27','successful login'),(126,1,26,'2021-10-16 15:59:12','successful login'),(127,1,26,'2021-10-16 16:00:45','successful login'),(128,1,26,'2021-10-16 16:02:35','successful login'),(129,1,26,'2021-10-16 16:24:44','successful login'),(130,1,26,'2021-10-16 16:28:24','successful login'),(131,1,26,'2021-10-16 16:31:58','successful login'),(132,1,26,'2021-10-16 16:35:37','successful login'),(133,1,26,'2021-10-16 16:38:31','successful login'),(134,1,26,'2021-10-16 16:53:11','successful login'),(135,1,26,'2021-10-16 17:07:57','successful login'),(136,1,26,'2021-10-16 17:21:22','successful login'),(137,1,26,'2021-10-16 17:25:34','successful login'),(138,1,26,'2021-10-16 17:26:16','successful login'),(139,1,26,'2021-10-16 17:27:12','successful login'),(140,1,26,'2021-10-16 17:27:56','successful login'),(141,1,26,'2021-10-16 17:30:53','successful login'),(142,1,26,'2021-10-16 17:33:28','successful login'),(143,1,26,'2021-10-16 17:37:31','successful login'),(144,1,26,'2021-10-16 17:56:16','successful login'),(145,1,26,'2021-10-16 17:57:32','successful login'),(146,1,26,'2021-10-16 18:05:21','successful login'),(147,1,26,'2021-10-19 15:57:06','successful login'),(148,1,26,'2021-10-19 16:03:35','successful login'),(149,1,26,'2021-10-19 16:11:24','successful login'),(150,1,26,'2021-10-19 16:15:14','successful login'),(151,1,26,'2021-10-19 16:20:01','successful login'),(152,1,26,'2021-10-19 16:21:47','successful login'),(153,1,26,'2021-10-19 16:27:31','successful login'),(154,1,26,'2021-10-19 16:54:54','successful login'),(155,1,26,'2021-10-19 16:57:46','successful login'),(156,1,26,'2021-10-19 17:10:04','successful login'),(157,1,26,'2021-10-20 11:39:16','successful login'),(158,1,36,'2021-10-20 11:55:11','successful login'),(159,1,26,'2021-10-20 12:15:03','successful login'),(160,1,36,'2021-10-20 12:16:39','successful login'),(161,1,26,'2021-10-20 12:48:20','successful login'),(162,1,36,'2021-10-20 13:12:10','successful login'),(163,1,26,'2021-10-20 13:25:55','successful login'),(164,1,26,'2021-10-20 14:11:03','successful login'),(165,1,36,'2021-10-20 14:12:01','successful login'),(166,1,26,'2021-10-20 14:24:48','successful login'),(167,1,26,'2021-10-20 14:26:35','successful login'),(168,1,26,'2021-10-20 14:29:40','successful login'),(169,1,26,'2021-10-20 14:32:40','successful login'),(170,1,36,'2021-10-20 17:58:17','successful login'),(171,1,26,'2021-10-20 18:05:42','successful login'),(172,1,36,'2021-10-20 18:06:18','successful login'),(173,1,26,'2021-10-20 18:06:30','successful login'),(174,1,36,'2021-10-20 18:42:11','successful login'),(175,1,36,'2021-10-20 18:47:50','successful login'),(176,1,36,'2021-10-20 18:48:35','successful login'),(177,1,36,'2021-10-20 18:51:31','successful login'),(178,1,36,'2021-10-20 18:52:22','successful login'),(179,1,36,'2021-10-20 18:55:29','successful login'),(180,1,36,'2021-10-20 18:56:08','successful login'),(181,1,36,'2021-10-20 18:57:47','successful login'),(182,1,36,'2021-10-20 18:58:56','successful login'),(183,1,36,'2021-10-20 18:59:53','successful login'),(184,1,36,'2021-10-20 19:00:50','successful login'),(185,1,36,'2021-10-20 19:07:15','successful login'),(186,1,36,'2021-10-20 19:31:17','successful login'),(187,1,36,'2021-10-20 19:36:50','successful login'),(188,1,36,'2021-10-20 19:40:24','successful login'),(189,1,36,'2021-10-20 19:45:00','successful login'),(190,1,36,'2021-10-20 19:45:20','successful login'),(191,1,36,'2021-10-20 19:45:27','successful login'),(192,1,36,'2021-10-20 19:51:33','successful login'),(193,1,36,'2021-10-20 19:56:07','successful login'),(194,1,36,'2021-10-20 19:56:58','successful login'),(195,1,36,'2021-10-20 19:59:04','successful login'),(196,1,36,'2021-10-20 20:00:37','successful login'),(197,1,36,'2021-10-20 20:20:13','successful login'),(198,1,26,'2021-10-20 20:23:00','successful login'),(199,1,36,'2021-10-20 20:23:14','successful login'),(200,1,36,'2021-10-20 20:25:17','successful login'),(201,1,26,'2021-10-20 20:25:24','successful login'),(202,1,26,'2021-10-22 11:32:21','successful login'),(203,1,36,'2021-10-22 11:33:06','successful login'),(204,1,36,'2021-10-22 11:38:21','successful login'),(205,1,36,'2021-10-22 12:13:01','successful login'),(206,1,26,'2021-10-22 12:15:48','successful login'),(207,1,26,'2021-10-22 12:17:02','successful login'),(208,1,26,'2021-10-22 12:35:23','successful login'),(209,1,26,'2021-10-22 12:41:20','successful login'),(210,1,36,'2021-10-22 16:03:16','successful login'),(211,1,36,'2021-10-22 16:17:31','successful login'),(212,1,36,'2021-10-22 16:18:36','successful login'),(213,1,26,'2021-10-22 16:18:51','successful login'),(214,1,26,'2021-10-22 16:20:55','successful login'),(215,1,36,'2021-10-22 16:21:05','successful login'),(216,1,36,'2021-10-22 16:22:50','successful login'),(217,1,26,'2021-10-22 16:22:56','successful login'),(218,1,36,'2021-10-22 16:24:02','successful login'),(219,1,26,'2021-10-22 16:24:18','successful login'),(220,1,26,'2021-10-22 16:35:57','successful login'),(221,1,36,'2021-10-22 16:37:00','successful login'),(222,1,26,'2021-10-22 16:37:01','successful login'),(223,1,26,'2021-10-22 16:38:27','successful login'),(224,1,36,'2021-10-22 16:38:35','successful login'),(225,1,26,'2021-10-22 16:41:55','successful login'),(226,1,36,'2021-10-22 16:42:06','successful login'),(227,1,36,'2021-10-22 16:49:22','successful login'),(228,1,26,'2021-10-22 16:49:27','successful login'),(229,1,36,'2021-10-22 16:52:04','successful login'),(230,1,26,'2021-10-22 16:52:09','successful login'),(231,1,26,'2021-10-22 16:56:05','successful login'),(232,1,36,'2021-10-22 16:56:17','successful login'),(233,1,36,'2021-10-22 16:57:16','successful login'),(234,1,26,'2021-10-22 16:57:25','successful login'),(235,1,26,'2021-10-22 17:03:23','successful login'),(236,1,26,'2021-10-22 17:03:41','successful login'),(237,1,36,'2021-10-22 17:03:51','successful login'),(238,1,36,'2021-10-22 17:11:25','successful login'),(239,1,26,'2021-10-22 17:11:33','successful login'),(240,1,36,'2021-10-22 17:13:37','successful login'),(241,1,26,'2021-10-22 17:27:50','successful login'),(242,1,26,'2021-10-23 13:21:54','successful login'),(243,1,26,'2021-10-23 13:23:10','successful login'),(244,1,26,'2021-10-23 13:25:27','successful login'),(245,1,26,'2021-10-23 13:28:22','successful login'),(246,1,26,'2021-10-23 13:31:58','successful login'),(247,1,26,'2021-10-23 13:41:02','successful login'),(248,1,26,'2021-10-23 14:55:16','successful login'),(249,1,26,'2021-10-23 14:56:45','successful login'),(250,1,26,'2021-10-23 15:03:47','successful login'),(251,1,26,'2021-10-26 11:10:00','successful login'),(252,1,26,'2021-10-26 11:13:52','successful login'),(253,1,26,'2021-10-26 11:24:57','successful login'),(254,1,26,'2021-10-26 11:25:25','successful login'),(255,0,NULL,'2021-10-26 11:27:27','User doesn\'t exist with almacska!'),(256,0,NULL,'2021-10-26 11:29:11','User doesn\'t exist with almacska!'),(257,0,NULL,'2021-10-26 11:29:24','User doesn\'t exist with almacska!'),(258,0,NULL,'2021-10-26 11:36:54','User doesn\'t exist with almacska!'),(259,1,37,'2021-10-26 11:41:59','successful login'),(260,1,38,'2021-10-26 11:44:23','successful login'),(261,1,38,'2021-10-26 11:46:59','successful login'),(262,1,38,'2021-10-26 11:47:42','successful login'),(263,1,38,'2021-10-26 11:51:55','successful login'),(264,1,38,'2021-10-26 13:11:10','successful login'),(265,1,38,'2021-10-26 13:43:40','successful login'),(266,1,38,'2021-10-26 13:45:00','successful login'),(267,1,38,'2021-10-26 13:45:35','successful login'),(268,1,38,'2021-10-26 13:46:26','successful login'),(269,1,38,'2021-10-26 15:43:41','successful login'),(270,1,38,'2021-10-26 15:48:06','successful login'),(271,1,38,'2021-10-26 15:48:56','successful login'),(272,1,38,'2021-10-26 15:52:36','successful login'),(273,1,38,'2021-10-26 15:59:40','successful login'),(274,1,38,'2021-10-26 16:05:21','successful login'),(275,1,39,'2021-10-26 17:34:45','successful login'),(276,1,40,'2021-10-26 17:48:18','successful login'),(277,1,41,'2021-10-26 17:59:09','successful login'),(278,1,42,'2021-10-26 18:18:56','successful login'),(279,1,42,'2021-10-26 18:25:32','successful login'),(280,1,44,'2021-10-26 18:58:09','successful login'),(281,1,45,'2021-10-26 19:11:05','successful login'),(282,1,46,'2021-10-27 10:16:20','successful login'),(283,1,46,'2021-10-27 10:22:56','successful login'),(284,1,46,'2021-10-27 10:33:13','successful login'),(285,1,46,'2021-10-27 10:47:37','successful login'),(286,1,46,'2021-10-27 11:23:33','successful login'),(287,1,46,'2021-10-27 12:24:23','successful login'),(288,1,46,'2021-10-27 12:30:30','successful login'),(289,1,46,'2021-10-27 12:32:55','successful login'),(290,1,46,'2021-10-27 12:33:29','successful login'),(291,1,46,'2021-10-27 12:34:50','successful login'),(292,1,46,'2021-10-27 13:06:59','successful login'),(293,1,46,'2021-10-27 13:09:13','successful login'),(294,1,46,'2021-10-27 13:09:55','successful login'),(295,1,46,'2021-10-27 13:11:56','successful login'),(296,1,46,'2021-10-27 13:14:52','successful login'),(297,1,46,'2021-10-27 13:15:20','successful login'),(298,1,46,'2021-10-27 13:15:49','successful login'),(299,1,46,'2021-10-27 13:35:14','successful login'),(300,1,46,'2021-10-27 13:36:20','successful login'),(301,1,46,'2021-10-27 13:36:56','successful login'),(302,1,46,'2021-10-27 13:43:10','successful login'),(303,1,46,'2021-10-27 13:58:47','successful login'),(304,1,46,'2021-10-27 14:01:10','successful login'),(305,1,46,'2021-10-27 14:06:16','successful login'),(306,1,46,'2021-10-27 14:07:02','successful login'),(307,1,46,'2021-10-27 14:09:00','successful login'),(308,1,46,'2021-10-27 14:10:14','successful login'),(309,1,46,'2021-10-27 14:13:17','successful login'),(310,1,46,'2021-10-27 14:14:31','successful login'),(311,1,46,'2021-10-27 14:15:56','successful login'),(312,1,46,'2021-10-27 14:18:34','successful login'),(313,1,46,'2021-10-27 14:19:19','successful login'),(314,1,46,'2021-10-27 14:20:11','successful login'),(315,1,46,'2021-10-27 14:21:33','successful login'),(316,1,46,'2021-10-27 14:22:37','successful login'),(317,1,46,'2021-10-27 14:24:10','successful login'),(318,1,46,'2021-10-27 14:25:09','successful login'),(319,1,46,'2021-10-27 14:26:47','successful login'),(320,1,46,'2021-10-27 14:35:33','successful login'),(321,1,46,'2021-10-27 14:37:49','successful login'),(322,1,46,'2021-10-27 14:45:58','successful login'),(323,1,46,'2021-10-27 14:47:31','successful login'),(324,1,46,'2021-10-27 14:47:56','successful login'),(325,1,46,'2021-10-27 14:48:55','successful login'),(326,1,46,'2021-10-27 14:49:30','successful login'),(327,1,46,'2021-10-27 14:50:23','successful login'),(328,1,46,'2021-10-27 14:51:27','successful login'),(329,1,46,'2021-10-27 14:52:56','successful login'),(330,1,46,'2021-10-27 14:58:14','successful login'),(331,1,46,'2021-10-27 14:59:25','successful login'),(332,1,46,'2021-10-27 15:05:45','successful login'),(333,1,46,'2021-10-27 15:06:36','successful login'),(334,1,46,'2021-10-27 15:13:53','successful login'),(335,1,46,'2021-10-27 15:15:51','successful login'),(336,1,46,'2021-10-27 15:17:09','successful login'),(337,1,46,'2021-10-27 15:17:53','successful login'),(338,1,46,'2021-10-27 15:19:28','successful login'),(339,1,46,'2021-10-27 15:20:47','successful login'),(340,1,46,'2021-10-27 15:21:24','successful login'),(341,1,46,'2021-10-27 15:22:03','successful login'),(342,1,46,'2021-10-27 15:23:01','successful login'),(343,1,46,'2021-10-27 15:42:36','successful login'),(344,1,46,'2021-10-27 15:43:22','successful login'),(345,1,46,'2021-10-27 15:47:05','successful login'),(346,1,46,'2021-10-27 16:10:43','successful login'),(347,1,46,'2021-10-27 17:02:37','successful login'),(348,1,46,'2021-10-27 17:03:14','successful login'),(349,1,46,'2021-10-27 17:06:52','successful login'),(350,1,46,'2021-10-27 17:07:23','successful login'),(351,1,46,'2021-10-31 14:26:21','successful login'),(352,1,36,'2021-10-31 14:28:18','successful login'),(353,1,36,'2021-10-31 14:29:17','successful login'),(354,1,46,'2021-10-31 14:29:29','successful login'),(355,1,36,'2021-10-31 14:31:28','successful login'),(356,1,46,'2021-10-31 14:31:45','successful login'),(357,1,36,'2021-10-31 14:32:34','successful login'),(358,1,36,'2021-10-31 14:33:06','successful login'),(359,1,36,'2021-10-31 14:37:42','successful login'),(360,1,46,'2021-10-31 14:44:35','successful login'),(361,1,46,'2021-10-31 14:47:44','successful login'),(362,1,46,'2021-10-31 14:54:25','successful login'),(363,1,46,'2021-10-31 14:56:47','successful login'),(364,1,46,'2021-10-31 15:11:03','successful login'),(365,1,46,'2021-10-31 15:11:49','successful login'),(366,1,46,'2021-10-31 15:13:10','successful login'),(367,1,46,'2021-10-31 15:27:55','successful login'),(368,1,46,'2021-11-10 16:08:14','successful login'),(369,1,46,'2021-11-10 16:20:29','successful login'),(370,1,46,'2021-11-10 16:47:24','successful login'),(371,1,46,'2021-11-10 16:48:32','successful login'),(372,1,46,'2021-11-10 16:51:37','successful login'),(373,1,46,'2021-11-10 16:51:56','successful login'),(374,1,46,'2021-11-10 16:52:07','successful login'),(375,1,46,'2021-11-10 18:34:57','successful login'),(376,1,46,'2021-11-10 18:37:22','successful login'),(377,1,36,'2021-11-10 18:37:48','successful login'),(378,1,46,'2021-11-10 18:44:22','successful login'),(379,1,36,'2021-11-10 18:44:31','successful login'),(380,1,46,'2021-11-10 18:46:57','successful login'),(381,1,46,'2021-11-10 18:47:39','successful login'),(382,1,36,'2021-11-10 18:47:49','successful login'),(383,1,46,'2021-11-10 18:49:47','successful login'),(384,1,36,'2021-11-10 18:50:19','successful login'),(385,1,46,'2021-11-10 18:51:26','successful login'),(386,1,36,'2021-11-10 18:51:40','successful login'),(387,1,46,'2021-11-10 18:52:42','successful login'),(388,1,36,'2021-11-10 18:52:50','successful login'),(389,1,46,'2021-11-14 17:23:19','successful login'),(390,1,46,'2021-11-14 17:24:07','successful login'),(391,1,36,'2021-11-14 17:25:29','successful login'),(392,1,46,'2021-11-14 17:28:11','successful login'),(393,1,46,'2021-11-14 17:30:37','successful login'),(394,1,46,'2021-11-14 17:32:05','successful login'),(395,1,46,'2021-11-14 17:34:16','successful login'),(396,1,46,'2021-11-14 17:35:02','successful login'),(397,1,46,'2021-11-14 17:35:33','successful login'),(398,1,46,'2021-11-14 17:36:05','successful login'),(399,1,46,'2021-11-14 17:37:12','successful login'),(400,1,46,'2021-11-14 17:37:31','successful login'),(401,1,46,'2021-11-14 17:38:19','successful login'),(402,1,46,'2021-11-14 17:39:14','successful login'),(403,1,46,'2021-11-14 17:39:56','successful login'),(404,1,46,'2021-11-14 17:41:00','successful login'),(405,1,46,'2021-11-14 17:41:20','successful login'),(406,1,46,'2021-11-14 17:42:07','successful login'),(407,1,46,'2021-11-14 17:42:59','successful login'),(408,1,46,'2021-11-14 17:43:24','successful login'),(409,1,46,'2021-11-14 17:44:11','successful login'),(410,1,46,'2021-11-14 17:45:47','successful login'),(411,1,46,'2021-11-14 17:46:27','successful login'),(412,1,46,'2021-11-14 17:46:46','successful login'),(413,1,46,'2021-11-14 17:47:08','successful login'),(414,1,46,'2021-11-14 17:58:12','successful login'),(415,1,46,'2021-11-14 18:00:30','successful login'),(416,1,46,'2021-11-14 18:01:28','successful login'),(417,1,46,'2021-11-14 18:05:42','successful login'),(418,1,46,'2021-11-14 18:06:40','successful login'),(419,1,36,'2021-11-14 18:37:08','successful login'),(420,1,46,'2021-11-23 16:09:33','successful login'),(421,1,46,'2021-11-23 16:36:51','successful login'),(422,1,46,'2021-11-23 16:37:46','successful login'),(423,1,46,'2021-11-23 16:39:20','successful login'),(424,1,46,'2021-11-23 16:43:20','successful login'),(425,1,46,'2021-11-23 16:46:43','successful login'),(426,1,46,'2021-11-23 16:57:26','successful login'),(427,1,46,'2021-11-23 17:12:06','successful login'),(428,1,46,'2021-11-23 17:13:42','successful login'),(429,1,46,'2021-11-23 17:21:52','successful login'),(430,1,46,'2021-11-23 17:25:56','successful login'),(431,1,46,'2021-11-23 17:26:48','successful login'),(432,1,46,'2021-11-23 17:26:53','successful login'),(433,1,46,'2021-11-23 17:28:17','successful login'),(434,1,46,'2021-11-23 17:30:08','successful login'),(435,1,46,'2021-11-23 17:31:44','successful login'),(436,1,46,'2021-11-23 17:34:19','successful login'),(437,1,46,'2021-11-23 17:37:12','successful login'),(438,1,46,'2021-11-23 17:39:56','successful login'),(439,1,46,'2021-11-23 17:41:18','successful login'),(440,1,46,'2021-11-23 17:46:39','successful login'),(441,1,46,'2021-11-23 17:47:10','successful login'),(442,1,46,'2021-11-23 17:48:16','successful login'),(443,1,46,'2021-11-23 17:50:18','successful login'),(444,1,46,'2021-11-23 17:51:38','successful login'),(445,1,46,'2021-11-23 17:53:15','successful login'),(446,1,46,'2021-11-23 18:07:02','successful login'),(447,1,46,'2021-11-24 16:27:20','successful login'),(448,1,46,'2021-11-24 16:29:54','successful login'),(449,1,46,'2021-11-24 16:33:11','successful login'),(450,1,46,'2021-11-24 16:37:30','successful login'),(451,1,46,'2021-11-24 16:39:52','successful login'),(452,1,46,'2021-11-24 16:40:48','successful login'),(453,1,46,'2021-11-24 16:42:02','successful login'),(454,1,46,'2021-11-24 16:44:40','successful login'),(455,1,46,'2021-11-24 16:52:19','successful login'),(456,1,46,'2021-11-24 16:53:55','successful login'),(457,1,46,'2021-11-24 16:58:40','successful login'),(458,1,46,'2021-11-24 17:00:34','successful login'),(459,1,46,'2021-11-24 17:02:24','successful login'),(460,1,46,'2021-11-24 17:07:25','successful login'),(461,1,46,'2021-11-24 17:20:14','successful login'),(462,1,36,'2021-11-24 17:20:54','successful login'),(463,1,46,'2021-11-24 17:24:56','successful login'),(464,1,36,'2021-11-24 17:25:03','successful login'),(465,1,46,'2021-11-24 17:29:35','successful login'),(466,1,36,'2021-11-24 17:29:41','successful login'),(467,1,46,'2021-11-24 17:39:37','successful login'),(468,1,36,'2021-11-24 17:39:48','successful login'),(469,1,46,'2021-11-24 17:44:48','successful login'),(470,1,36,'2021-11-24 17:44:58','successful login'),(471,1,36,'2021-11-24 17:47:47','successful login'),(472,1,46,'2021-11-24 17:47:57','successful login'),(473,1,46,'2021-11-24 17:49:56','successful login'),(474,1,36,'2021-11-24 17:50:04','successful login'),(475,1,46,'2021-11-24 17:54:16','successful login'),(476,1,36,'2021-11-24 17:54:24','successful login'),(477,1,46,'2021-11-24 17:57:46','successful login'),(478,1,36,'2021-11-24 17:57:55','successful login'),(479,1,46,'2021-11-24 17:59:31','successful login'),(480,1,36,'2021-11-24 17:59:40','successful login'),(481,1,46,'2021-11-24 18:02:31','successful login'),(482,1,36,'2021-11-24 18:02:40','successful login'),(483,1,46,'2021-11-24 18:06:06','successful login'),(484,1,36,'2021-11-24 18:06:12','successful login'),(485,1,46,'2021-11-25 16:20:52','successful login'),(486,1,46,'2021-11-25 16:24:24','successful login'),(487,1,46,'2021-11-26 11:23:12','successful login'),(488,1,46,'2021-11-26 11:27:04','successful login'),(489,1,46,'2021-11-26 11:28:21','successful login'),(490,1,46,'2021-11-26 11:29:02','successful login'),(491,1,46,'2021-11-26 11:31:43','successful login'),(492,1,46,'2021-11-26 11:35:51','successful login'),(493,1,46,'2021-11-26 13:22:46','successful login'),(494,1,46,'2021-11-26 13:45:55','successful login'),(495,1,46,'2021-11-26 13:48:40','successful login'),(496,1,46,'2021-11-26 13:49:16','successful login'),(497,1,46,'2021-11-26 13:49:54','successful login'),(498,1,46,'2021-11-26 13:50:24','successful login'),(499,1,46,'2021-11-26 13:53:18','successful login'),(500,1,46,'2021-11-26 17:26:35','successful login'),(501,1,46,'2021-11-26 17:26:57','successful login'),(502,1,46,'2021-11-26 17:27:22','successful login'),(503,1,36,'2021-11-26 17:27:28','successful login'),(504,1,46,'2021-11-26 18:37:31','successful login'),(505,1,46,'2021-11-26 19:01:11','successful login'),(506,1,36,'2021-11-26 19:01:44','successful login'),(507,1,46,'2021-11-26 19:03:32','successful login'),(508,1,36,'2021-11-26 19:03:37','successful login'),(509,1,46,'2021-11-26 19:11:12','successful login'),(510,1,36,'2021-11-26 19:11:17','successful login'),(511,1,46,'2021-11-26 19:16:21','successful login'),(512,1,36,'2021-11-26 19:16:26','successful login'),(513,1,46,'2021-11-26 19:18:18','successful login'),(514,1,36,'2021-11-26 19:18:26','successful login'),(515,1,46,'2021-11-26 19:24:39','successful login'),(516,1,46,'2021-11-26 19:26:47','successful login'),(517,1,36,'2021-11-26 19:26:58','successful login'),(518,1,46,'2021-11-26 19:52:12','successful login'),(519,1,36,'2021-11-26 19:52:23','successful login'),(520,1,46,'2021-11-26 19:55:59','successful login'),(521,1,36,'2021-11-26 19:56:06','successful login'),(522,1,46,'2021-11-26 20:08:00','successful login'),(523,1,36,'2021-11-26 20:08:08','successful login'),(524,1,46,'2021-11-26 20:15:21','successful login'),(525,1,36,'2021-11-26 20:15:28','successful login'),(526,1,46,'2021-11-26 20:18:24','successful login'),(527,1,36,'2021-11-26 20:18:31','successful login'),(528,1,46,'2021-11-26 20:19:20','successful login'),(529,1,46,'2021-11-27 12:11:41','successful login'),(530,1,36,'2021-11-27 12:11:54','successful login'),(531,1,46,'2021-11-27 12:13:43','successful login'),(532,1,36,'2021-11-27 12:13:46','successful login'),(533,1,46,'2021-11-27 12:18:38','successful login'),(534,1,36,'2021-11-27 12:18:45','successful login'),(535,1,46,'2021-11-27 12:49:19','successful login'),(536,1,36,'2021-11-27 12:49:26','successful login'),(537,1,46,'2021-11-27 12:52:04','successful login'),(538,1,36,'2021-11-27 12:52:15','successful login'),(539,1,46,'2021-11-27 12:58:59','successful login'),(540,1,36,'2021-11-27 12:59:06','successful login'),(541,1,46,'2021-11-27 13:01:20','successful login'),(542,1,36,'2021-11-27 13:01:26','successful login'),(543,1,46,'2021-11-27 13:04:32','successful login'),(544,1,36,'2021-11-27 13:04:46','successful login'),(545,1,46,'2021-11-27 13:15:52','successful login'),(546,1,46,'2021-11-27 13:19:42','successful login'),(547,1,46,'2021-12-01 11:20:03','successful login'),(548,1,46,'2021-12-01 11:30:06','successful login'),(549,1,36,'2021-12-01 11:30:17','successful login'),(550,1,46,'2021-12-01 11:33:38','successful login'),(551,1,46,'2021-12-02 13:15:30','successful login'),(552,1,46,'2021-12-04 12:44:52','successful login'),(553,1,46,'2021-12-04 12:50:39','successful login'),(554,1,46,'2021-12-04 13:15:38','successful login'),(555,1,46,'2021-12-04 13:51:16','successful login'),(556,1,46,'2021-12-04 13:54:45','successful login'),(557,1,46,'2021-12-04 14:00:42','successful login'),(558,1,46,'2021-12-04 14:04:20','successful login'),(559,1,46,'2021-12-04 14:06:48','successful login'),(560,1,46,'2021-12-04 14:10:05','successful login'),(561,1,36,'2021-12-04 14:11:59','successful login'),(562,1,46,'2021-12-04 14:18:10','successful login'),(563,1,36,'2021-12-04 14:18:14','successful login'),(564,1,36,'2021-12-04 14:23:28','successful login'),(565,1,46,'2021-12-04 14:23:32','successful login'),(566,1,46,'2021-12-04 14:44:08','successful login'),(567,1,46,'2021-12-04 14:44:59','successful login'),(568,1,46,'2021-12-04 14:46:12','successful login'),(569,1,46,'2021-12-04 14:51:10','successful login'),(570,1,46,'2021-12-05 10:00:24','successful login'),(571,1,46,'2021-12-05 10:22:24','successful login'),(572,0,46,'2021-12-05 16:26:15','Wrong username/password combination!'),(573,1,46,'2021-12-05 16:34:29','successful login'),(574,0,46,'2021-12-05 16:34:37','Wrong username/password combination!'),(575,0,46,'2021-12-05 16:37:32','Wrong username/password combination!'),(576,0,46,'2021-12-05 16:38:41','Wrong username/password combination!'),(577,1,46,'2021-12-05 16:40:20','successful login'),(578,0,46,'2021-12-05 16:40:25','Wrong username/password combination!'),(579,0,46,'2021-12-05 16:49:24','Wrong username/password combination!'),(580,0,NULL,'2021-12-05 16:49:32','User doesn\'t exist with banan24345!'),(581,1,46,'2021-12-07 15:59:34','successful login'),(582,1,47,'2021-12-07 16:11:13','successful login'),(583,1,46,'2021-12-31 16:03:07','successful login'),(584,1,46,'2021-12-31 16:04:19','successful login'),(585,1,36,'2021-12-31 16:05:53','successful login'),(586,1,46,'2021-12-31 16:05:58','successful login'),(587,1,36,'2021-12-31 16:09:06','successful login'),(588,1,46,'2021-12-31 16:09:16','successful login'),(589,1,36,'2021-12-31 16:13:27','successful login'),(590,1,46,'2021-12-31 16:13:29','successful login'),(591,1,46,'2021-12-31 16:16:39','successful login'),(592,1,36,'2021-12-31 16:16:42','successful login'),(593,1,46,'2021-12-31 16:18:30','successful login'),(594,1,36,'2021-12-31 16:18:34','successful login'),(595,1,46,'2021-12-31 16:23:20','successful login'),(596,1,36,'2021-12-31 16:23:25','successful login'),(597,1,36,'2021-12-31 16:31:10','successful login'),(598,1,46,'2021-12-31 16:31:17','successful login'),(599,1,46,'2021-12-31 16:44:23','successful login'),(600,1,46,'2021-12-31 16:45:05','successful login'),(601,1,36,'2021-12-31 17:02:43','successful login'),(602,1,36,'2021-12-31 17:28:28','successful login'),(603,1,46,'2021-12-31 17:28:35','successful login'),(604,1,46,'2021-12-31 17:41:07','successful login'),(605,1,36,'2021-12-31 17:41:11','successful login'),(606,1,46,'2021-12-31 17:52:08','successful login'),(607,1,36,'2021-12-31 17:52:13','successful login'),(608,1,46,'2021-12-31 17:55:29','successful login'),(609,1,36,'2021-12-31 17:55:38','successful login'),(610,1,46,'2022-01-15 10:43:44','successful login'),(611,1,46,'2022-01-15 10:44:23','successful login'),(612,1,46,'2022-01-15 10:55:46','successful login'),(613,1,46,'2022-01-15 10:57:56','successful login'),(614,1,46,'2022-01-15 11:00:06','successful login'),(615,1,46,'2022-01-15 11:01:23','successful login'),(616,1,46,'2022-01-15 11:03:13','successful login'),(617,1,46,'2022-01-15 11:04:01','successful login'),(618,1,46,'2022-01-15 11:05:34','successful login'),(619,1,46,'2022-01-15 11:22:34','successful login'),(620,1,46,'2022-01-15 11:22:58','successful login'),(621,1,46,'2022-01-16 08:50:47','successful login'),(622,1,46,'2022-01-16 13:19:47','successful login'),(623,1,46,'2022-01-16 13:21:03','successful login'),(624,1,46,'2022-01-16 13:38:48','successful login'),(625,1,46,'2022-01-16 13:45:22','successful login'),(626,1,46,'2022-01-16 13:49:21','successful login'),(627,1,46,'2022-01-16 13:50:02','successful login'),(628,1,46,'2022-01-16 13:52:27','successful login'),(629,1,46,'2022-01-18 09:20:36','successful login'),(630,1,46,'2022-01-18 09:55:19','successful login'),(631,1,46,'2022-01-21 16:51:41','successful login'),(632,1,46,'2022-01-21 17:21:36','successful login'),(633,1,46,'2022-01-21 17:37:03','successful login'),(634,1,46,'2022-01-21 17:44:21','successful login'),(635,1,46,'2022-01-22 16:34:51','successful login'),(636,1,46,'2022-01-22 16:44:20','successful login'),(637,1,46,'2022-01-22 16:52:04','successful login'),(638,1,46,'2022-01-22 16:55:12','successful login'),(639,1,46,'2022-01-22 16:57:47','successful login'),(640,1,46,'2022-01-22 17:00:21','successful login'),(641,1,46,'2022-01-22 17:09:01','successful login'),(642,1,46,'2022-01-22 17:40:29','successful login'),(643,1,46,'2022-01-22 17:48:38','successful login'),(644,1,46,'2022-01-22 17:49:25','successful login'),(645,1,46,'2022-01-22 17:51:10','successful login'),(646,1,46,'2022-01-22 17:52:16','successful login'),(647,1,46,'2022-01-22 17:55:56','successful login'),(648,1,46,'2022-01-22 18:00:18','successful login'),(649,1,46,'2022-01-22 18:02:19','successful login'),(650,1,46,'2022-01-22 18:06:06','successful login'),(651,1,46,'2022-01-22 18:08:17','successful login'),(652,1,46,'2022-01-22 18:13:05','successful login'),(653,1,46,'2022-01-22 18:18:57','successful login'),(654,1,46,'2022-01-22 18:27:33','successful login'),(655,1,46,'2022-01-22 18:30:52','successful login'),(656,1,46,'2022-01-22 18:34:07','successful login'),(657,1,46,'2022-01-26 11:02:34','successful login'),(658,1,46,'2022-01-26 11:17:39','successful login'),(659,1,46,'2022-01-26 11:47:54','successful login'),(660,1,46,'2022-01-26 11:53:15','successful login'),(661,1,46,'2022-02-20 10:29:49','successful login'),(662,1,46,'2022-02-20 15:34:51','successful login'),(663,1,46,'2022-02-20 15:40:16','successful login'),(664,1,46,'2022-02-20 15:51:07','successful login'),(665,1,46,'2022-02-20 15:57:38','successful login'),(666,1,46,'2022-02-28 19:11:02','successful login'),(667,1,46,'2022-02-28 19:22:54','successful login'),(668,1,46,'2022-02-28 19:24:21','successful login'),(669,1,46,'2022-02-28 19:26:15','successful login'),(670,1,46,'2022-03-05 17:45:14','successful login'),(671,1,46,'2022-03-05 18:10:30','successful login'),(672,1,46,'2022-03-05 18:13:19','successful login'),(673,1,46,'2022-03-05 19:02:21','successful login'),(674,1,46,'2022-03-05 19:10:16','successful login'),(675,1,46,'2022-03-05 19:13:15','successful login'),(676,1,46,'2022-03-05 19:16:48','successful login'),(677,1,46,'2022-03-05 19:21:00','successful login'),(678,1,46,'2022-03-05 19:23:17','successful login'),(679,1,46,'2022-03-05 19:37:20','successful login'),(680,1,46,'2022-03-05 19:39:45','successful login'),(681,1,46,'2022-03-06 07:56:34','successful login'),(682,1,36,'2022-03-06 07:57:19','successful login'),(683,1,46,'2022-03-06 08:00:39','successful login'),(684,1,46,'2022-03-06 08:02:47','successful login'),(685,1,46,'2022-03-06 08:06:47','successful login'),(686,1,46,'2022-03-06 08:12:28','successful login'),(687,1,46,'2022-03-06 08:16:11','successful login'),(688,1,46,'2022-03-06 08:18:36','successful login'),(689,1,46,'2022-03-06 08:19:58','successful login'),(690,1,46,'2022-03-06 08:25:06','successful login'),(691,1,46,'2022-03-06 08:36:37','successful login'),(692,1,46,'2022-03-06 08:40:58','successful login'),(693,1,46,'2022-03-06 08:42:01','successful login'),(694,1,46,'2022-03-07 17:58:53','successful login'),(695,1,46,'2022-03-07 18:03:44','successful login'),(696,1,46,'2022-03-07 18:08:19','successful login'),(697,1,46,'2022-03-07 18:08:38','successful login'),(698,1,46,'2022-03-07 18:11:15','successful login'),(699,1,46,'2022-03-07 18:31:41','successful login'),(700,1,46,'2022-03-07 18:35:58','successful login'),(701,1,46,'2022-03-07 18:39:18','successful login'),(702,1,46,'2022-03-07 18:41:35','successful login'),(703,1,46,'2022-03-07 18:42:45','successful login'),(704,1,46,'2022-03-07 18:47:13','successful login'),(705,1,46,'2022-03-07 18:47:33','successful login'),(706,1,46,'2022-03-07 18:50:01','successful login'),(707,1,46,'2022-03-07 18:52:11','successful login'),(708,1,46,'2022-03-07 19:02:05','successful login'),(709,1,46,'2022-03-07 19:09:35','successful login'),(710,1,46,'2022-03-07 19:12:48','successful login'),(711,1,46,'2022-03-07 19:13:21','successful login'),(712,1,46,'2022-03-07 19:15:05','successful login'),(713,1,46,'2022-03-07 19:16:06','successful login'),(714,1,46,'2022-03-07 19:17:13','successful login'),(715,1,46,'2022-03-07 19:17:36','successful login'),(716,1,46,'2022-03-07 19:18:07','successful login'),(717,1,46,'2022-03-07 19:21:11','successful login'),(718,1,46,'2022-03-07 19:24:10','successful login'),(719,1,46,'2022-03-07 19:24:49','successful login'),(720,1,46,'2022-03-07 20:04:59','successful login'),(721,1,46,'2022-03-07 20:10:05','successful login'),(722,1,46,'2022-03-07 20:10:34','successful login'),(723,1,46,'2022-03-07 20:11:30','successful login'),(724,1,46,'2022-03-07 20:17:41','successful login'),(725,1,46,'2022-03-07 20:19:12','successful login'),(726,1,46,'2022-03-09 19:32:59','successful login'),(727,1,46,'2022-03-09 19:49:22','successful login'),(728,1,46,'2022-03-09 19:52:32','successful login'),(729,1,46,'2022-03-09 19:53:16','successful login'),(730,1,46,'2022-03-09 19:57:05','successful login'),(731,1,46,'2022-03-09 19:57:51','successful login'),(732,1,46,'2022-03-09 20:07:37','successful login'),(733,1,46,'2022-03-09 20:08:56','successful login'),(734,1,46,'2022-03-09 20:12:09','successful login'),(735,1,46,'2022-03-09 20:12:56','successful login'),(736,1,46,'2022-03-16 09:26:37','successful login'),(737,1,46,'2022-03-16 09:31:06','successful login'),(738,1,46,'2022-03-16 09:34:28','successful login'),(739,1,46,'2022-03-16 09:35:24','successful login'),(740,1,46,'2022-03-16 09:37:22','successful login'),(741,1,46,'2022-03-16 09:40:01','successful login'),(742,1,46,'2022-03-16 09:42:09','successful login'),(743,1,46,'2022-03-16 10:07:26','successful login'),(744,1,46,'2022-03-16 10:08:11','successful login'),(745,1,46,'2022-03-16 10:10:39','successful login'),(746,1,46,'2022-03-16 10:22:56','successful login'),(747,1,46,'2022-03-16 10:30:06','successful login'),(748,1,36,'2022-03-16 10:30:29','successful login'),(749,1,46,'2022-03-16 10:35:45','successful login'),(750,1,36,'2022-03-16 10:35:51','successful login'),(751,1,46,'2022-03-16 10:37:31','successful login'),(752,1,36,'2022-03-16 10:37:38','successful login'),(753,1,46,'2022-03-16 10:39:28','successful login'),(754,1,36,'2022-03-16 10:39:35','successful login'),(755,1,46,'2022-03-16 10:45:52','successful login'),(756,1,36,'2022-03-16 10:45:59','successful login'),(757,1,46,'2022-03-16 10:47:44','successful login'),(758,1,36,'2022-03-16 10:47:49','successful login'),(759,1,46,'2022-03-16 10:49:04','successful login'),(760,1,36,'2022-03-16 10:49:10','successful login'),(761,1,46,'2022-03-16 10:50:25','successful login'),(762,1,36,'2022-03-16 10:50:34','successful login'),(763,1,46,'2022-03-16 10:51:51','successful login'),(764,1,36,'2022-03-16 10:52:05','successful login'),(765,1,46,'2022-03-16 10:56:18','successful login'),(766,1,36,'2022-03-16 10:56:28','successful login'),(767,1,46,'2022-03-16 10:58:45','successful login'),(768,1,36,'2022-03-16 10:58:53','successful login'),(769,1,46,'2022-03-16 11:00:34','successful login'),(770,1,46,'2022-03-16 11:00:49','successful login'),(771,1,46,'2022-03-16 11:02:34','successful login'),(772,1,46,'2022-03-16 11:02:54','successful login'),(773,1,36,'2022-03-16 11:04:04','successful login'),(774,1,46,'2022-03-16 11:10:04','successful login'),(775,1,36,'2022-03-16 11:10:13','successful login'),(776,1,46,'2022-03-16 11:11:12','successful login'),(777,1,36,'2022-03-16 11:11:20','successful login'),(778,1,46,'2022-03-16 11:12:28','successful login'),(779,1,36,'2022-03-16 11:12:36','successful login'),(780,1,46,'2022-03-16 11:15:39','successful login'),(781,1,36,'2022-03-16 11:15:46','successful login'),(782,1,46,'2022-03-16 11:24:55','successful login'),(783,1,36,'2022-03-16 11:25:03','successful login'),(784,1,46,'2022-03-16 11:29:01','successful login'),(785,1,36,'2022-03-16 11:29:30','successful login'),(786,1,46,'2022-03-16 14:17:15','successful login'),(787,1,36,'2022-03-16 14:17:32','successful login'),(788,1,46,'2022-03-16 14:20:44','successful login'),(789,1,36,'2022-03-16 14:20:54','successful login'),(790,1,46,'2022-03-17 10:23:59','successful login'),(791,1,46,'2022-03-17 10:27:13','successful login'),(792,1,46,'2022-03-17 10:51:50','successful login'),(793,1,46,'2022-03-17 10:54:35','successful login'),(794,1,46,'2022-03-17 10:56:42','successful login'),(795,1,46,'2022-03-17 10:57:14','successful login'),(796,1,46,'2022-03-17 10:58:21','successful login'),(797,1,46,'2022-03-17 10:58:49','successful login'),(798,1,46,'2022-03-17 10:59:54','successful login'),(799,1,46,'2022-03-17 11:01:11','successful login'),(800,1,36,'2022-03-17 11:01:19','successful login'),(801,1,46,'2022-03-17 11:08:55','successful login'),(802,1,36,'2022-03-17 11:09:03','successful login'),(803,1,46,'2022-03-17 11:11:45','successful login'),(804,1,46,'2022-03-17 11:12:35','successful login'),(805,1,46,'2022-03-17 11:14:29','successful login'),(806,1,46,'2022-03-17 11:16:27','successful login'),(807,1,46,'2022-03-17 11:20:21','successful login'),(808,1,46,'2022-03-17 11:21:09','successful login'),(809,1,46,'2022-03-17 11:27:14','successful login'),(810,1,46,'2022-03-17 12:29:45','successful login'),(811,1,46,'2022-03-17 15:21:48','successful login'),(812,1,46,'2022-03-17 15:29:00','successful login'),(813,1,46,'2022-03-17 15:31:18','successful login'),(814,1,36,'2022-03-17 15:31:26','successful login'),(815,1,46,'2022-03-17 15:35:20','successful login'),(816,1,36,'2022-03-17 15:35:40','successful login'),(817,1,46,'2022-03-17 16:20:35','successful login'),(818,1,36,'2022-03-17 16:20:44','successful login'),(819,1,46,'2022-03-17 16:25:15','successful login'),(820,1,36,'2022-03-17 16:25:24','successful login'),(821,1,46,'2022-03-17 16:30:08','successful login'),(822,1,36,'2022-03-17 16:30:15','successful login'),(823,1,46,'2022-03-17 16:34:47','successful login'),(824,1,36,'2022-03-17 16:34:57','successful login'),(825,1,46,'2022-03-17 16:38:23','successful login'),(826,1,36,'2022-03-17 16:38:31','successful login'),(827,1,46,'2022-03-17 16:49:33','successful login'),(828,1,36,'2022-03-17 16:49:50','successful login'),(829,1,46,'2022-03-17 16:51:43','successful login'),(830,1,36,'2022-03-17 16:51:51','successful login'),(831,1,46,'2022-03-17 16:55:53','successful login'),(832,1,36,'2022-03-17 16:56:07','successful login'),(833,1,46,'2022-03-17 16:59:23','successful login'),(834,1,36,'2022-03-17 16:59:38','successful login'),(835,1,46,'2022-03-17 17:04:09','successful login'),(836,1,46,'2022-03-17 17:04:46','successful login'),(837,1,36,'2022-03-17 17:05:10','successful login'),(838,1,46,'2022-03-17 17:30:56','successful login'),(839,1,36,'2022-03-17 17:31:02','successful login'),(840,1,46,'2022-03-17 18:09:37','successful login'),(841,1,36,'2022-03-17 18:09:48','successful login'),(842,1,46,'2022-03-18 17:41:12','successful login'),(843,1,36,'2022-03-18 17:41:42','successful login'),(844,1,46,'2022-03-18 17:47:10','successful login'),(845,1,36,'2022-03-18 17:47:19','successful login'),(846,1,46,'2022-03-18 17:50:51','successful login'),(847,1,36,'2022-03-18 17:51:12','successful login'),(848,1,46,'2022-03-18 17:55:12','successful login'),(849,1,36,'2022-03-18 17:55:42','successful login'),(850,1,46,'2022-03-18 17:56:54','successful login'),(851,1,36,'2022-03-18 17:57:13','successful login'),(852,1,46,'2022-03-18 18:09:17','successful login'),(853,1,36,'2022-03-18 18:09:26','successful login'),(854,1,46,'2022-03-18 18:10:04','successful login'),(855,1,36,'2022-03-18 18:10:12','successful login'),(856,1,46,'2022-03-18 18:14:58','successful login'),(857,1,36,'2022-03-18 18:15:09','successful login'),(858,1,46,'2022-03-18 18:16:41','successful login'),(859,1,36,'2022-03-18 18:16:48','successful login'),(860,1,46,'2022-03-18 18:17:46','successful login'),(861,1,36,'2022-03-18 18:17:55','successful login'),(862,1,46,'2022-03-18 18:19:12','successful login'),(863,1,36,'2022-03-18 18:19:30','successful login'),(864,1,46,'2022-03-18 18:21:40','successful login'),(865,1,36,'2022-03-18 18:21:52','successful login'),(866,1,46,'2022-03-21 17:55:19','successful login'),(867,1,36,'2022-03-21 17:56:38','successful login'),(868,1,46,'2022-03-21 18:06:48','successful login'),(869,1,36,'2022-03-21 18:07:06','successful login'),(870,1,46,'2022-03-21 18:08:52','successful login'),(871,1,36,'2022-03-21 18:09:09','successful login'),(872,1,46,'2022-03-21 18:11:30','successful login'),(873,1,36,'2022-03-21 18:11:44','successful login'),(874,1,46,'2022-03-21 18:39:09','successful login'),(875,1,36,'2022-03-21 18:39:27','successful login'),(876,1,46,'2022-03-21 19:15:46','successful login'),(877,1,36,'2022-03-21 19:15:58','successful login'),(878,1,46,'2022-03-21 19:21:39','successful login'),(879,1,36,'2022-03-21 19:21:56','successful login'),(880,1,46,'2022-03-21 19:23:02','successful login'),(881,1,36,'2022-03-21 19:23:17','successful login'),(882,1,46,'2022-03-21 19:35:18','successful login'),(883,1,36,'2022-03-21 19:35:26','successful login'),(884,1,46,'2022-03-21 19:43:10','successful login'),(885,1,36,'2022-03-21 19:43:19','successful login'),(886,1,46,'2022-03-21 19:45:08','successful login'),(887,1,36,'2022-03-21 19:45:22','successful login'),(888,1,46,'2022-03-21 19:48:20','successful login'),(889,1,36,'2022-03-21 19:48:35','successful login'),(890,1,46,'2022-03-21 19:55:22','successful login'),(891,1,36,'2022-03-21 19:55:31','successful login'),(892,1,46,'2022-03-21 19:58:58','successful login'),(893,1,36,'2022-03-21 19:59:22','successful login'),(894,1,46,'2022-03-21 20:06:59','successful login'),(895,1,36,'2022-03-21 20:07:13','successful login'),(896,1,46,'2022-03-21 20:15:58','successful login'),(897,1,36,'2022-03-21 20:16:08','successful login'),(898,1,46,'2022-03-21 20:30:56','successful login'),(899,1,36,'2022-03-21 20:32:40','successful login'),(900,1,46,'2022-03-21 20:49:22','successful login'),(901,1,36,'2022-03-21 20:49:37','successful login'),(902,1,46,'2022-03-21 20:51:42','successful login'),(903,1,36,'2022-03-21 20:51:56','successful login'),(904,1,46,'2022-03-21 20:54:50','successful login'),(905,1,36,'2022-03-21 20:54:57','successful login'),(906,1,46,'2022-03-21 20:57:08','successful login'),(907,1,36,'2022-03-21 20:57:21','successful login'),(908,1,46,'2022-03-21 20:58:50','successful login'),(909,1,46,'2022-03-21 20:59:41','successful login'),(910,1,36,'2022-03-21 20:59:49','successful login'),(911,1,46,'2022-03-21 21:02:05','successful login'),(912,1,36,'2022-03-21 21:02:13','successful login'),(913,1,46,'2022-03-21 21:04:43','successful login'),(914,1,36,'2022-03-21 21:05:00','successful login'),(915,1,46,'2022-03-23 18:41:18','successful login'),(916,1,46,'2022-03-23 19:39:33','successful login'),(917,1,46,'2022-03-23 19:40:48','successful login'),(918,1,46,'2022-03-24 18:53:14','successful login'),(919,1,46,'2022-03-24 18:53:54','successful login'),(920,1,46,'2022-04-03 15:11:26','successful login'),(921,1,46,'2022-04-03 15:11:50','successful login'),(922,1,46,'2022-04-03 15:26:55','successful login'),(923,1,36,'2022-04-03 15:27:08','successful login'),(924,1,46,'2022-04-03 15:35:45','successful login'),(925,1,36,'2022-04-03 15:35:58','successful login'),(926,1,46,'2022-04-03 16:15:32','successful login'),(927,1,46,'2022-04-05 18:26:01','successful login'),(928,1,36,'2022-04-05 18:27:03','successful login'),(929,1,46,'2022-04-05 18:29:57','successful login'),(930,1,46,'2022-04-05 18:30:44','successful login'),(931,1,46,'2022-04-05 18:32:35','successful login'),(932,1,46,'2022-04-05 18:40:33','successful login'),(933,1,46,'2022-04-05 18:44:26','successful login'),(934,1,46,'2022-04-05 18:50:08','successful login'),(935,1,46,'2022-04-05 18:50:42','successful login'),(936,1,46,'2022-04-05 18:51:49','successful login'),(937,1,46,'2022-04-05 18:52:33','successful login'),(938,1,46,'2022-04-05 18:53:09','successful login'),(939,1,46,'2022-04-05 18:55:01','successful login'),(940,1,46,'2022-04-05 19:01:43','successful login'),(941,1,46,'2022-04-05 19:02:48','successful login'),(942,1,46,'2022-04-05 19:08:18','successful login'),(943,1,46,'2022-04-05 19:10:54','successful login'),(944,1,46,'2022-04-05 19:11:25','successful login'),(945,1,46,'2022-04-05 19:12:51','successful login'),(946,1,46,'2022-04-05 19:13:24','successful login'),(947,1,46,'2022-04-05 19:13:57','successful login'),(948,1,46,'2022-04-05 19:15:42','successful login'),(949,1,46,'2022-04-05 19:18:17','successful login'),(950,1,46,'2022-04-05 19:19:24','successful login'),(951,1,46,'2022-04-05 19:22:19','successful login'),(952,1,46,'2022-04-05 19:23:29','successful login'),(953,1,46,'2022-04-05 19:25:26','successful login'),(954,1,46,'2022-04-05 19:25:45','successful login'),(955,1,46,'2022-04-05 19:33:23','successful login'),(956,1,46,'2022-04-05 19:35:10','successful login'),(957,1,36,'2022-04-05 19:35:26','successful login'),(958,1,46,'2022-04-05 19:38:25','successful login'),(959,1,36,'2022-04-05 19:38:59','successful login'),(960,1,46,'2022-04-05 19:39:04','successful login'),(961,1,46,'2022-04-05 19:39:34','successful login'),(962,1,36,'2022-04-05 19:39:49','successful login'),(963,1,46,'2022-04-05 19:39:57','successful login'),(964,1,46,'2022-04-05 19:42:17','successful login'),(965,1,36,'2022-04-05 19:43:03','successful login'),(966,1,46,'2022-04-05 19:43:05','successful login'),(967,1,46,'2022-04-05 19:47:15','successful login'),(968,1,36,'2022-04-05 19:47:21','successful login'),(969,1,46,'2022-04-05 19:50:24','successful login'),(970,1,36,'2022-04-05 19:50:28','successful login'),(971,1,46,'2022-04-05 19:53:28','successful login'),(972,1,36,'2022-04-05 19:54:01','successful login'),(973,1,46,'2022-04-05 19:54:03','successful login'),(974,1,46,'2022-04-06 18:01:17','successful login'),(975,1,36,'2022-04-06 18:01:31','successful login'),(976,1,49,'2022-04-06 18:06:26','successful login'),(977,1,46,'2022-04-06 18:07:14','successful login'),(978,1,36,'2022-04-06 18:07:23','successful login'),(979,1,49,'2022-04-06 18:07:42','successful login'),(980,1,46,'2022-04-06 18:10:28','successful login'),(981,1,36,'2022-04-06 18:10:36','successful login'),(982,1,49,'2022-04-06 18:10:50','successful login'),(983,1,46,'2022-04-06 18:13:23','successful login'),(984,1,36,'2022-04-06 18:13:31','successful login'),(985,1,49,'2022-04-06 18:13:40','successful login'),(986,1,46,'2022-04-06 18:31:43','successful login'),(987,1,36,'2022-04-06 18:32:55','successful login'),(988,1,46,'2022-04-06 18:32:58','successful login'),(989,1,36,'2022-04-06 18:34:57','successful login'),(990,1,46,'2022-04-06 18:35:00','successful login'),(991,1,36,'2022-04-06 18:37:10','successful login'),(992,1,46,'2022-04-06 18:37:13','successful login'),(993,1,46,'2022-04-06 18:39:56','successful login'),(994,1,36,'2022-04-06 18:40:03','successful login'),(995,1,46,'2022-04-06 18:41:03','successful login'),(996,1,36,'2022-04-06 18:41:11','successful login'),(997,1,46,'2022-04-06 18:43:26','successful login'),(998,1,36,'2022-04-06 18:43:35','successful login'),(999,1,46,'2022-04-06 18:49:05','successful login'),(1000,1,46,'2022-04-06 18:50:27','successful login'),(1001,1,46,'2022-04-06 18:51:06','successful login'),(1002,1,36,'2022-04-06 18:51:13','successful login'),(1003,1,49,'2022-04-06 18:51:29','successful login'),(1004,1,46,'2022-04-06 18:57:13','successful login'),(1005,1,36,'2022-04-06 18:57:27','successful login'),(1006,1,46,'2022-04-06 18:58:08','successful login'),(1007,1,36,'2022-04-06 18:58:16','successful login'),(1008,1,49,'2022-04-06 18:58:32','successful login'),(1009,1,46,'2022-04-06 19:03:06','successful login'),(1010,1,46,'2022-04-06 19:04:06','successful login'),(1011,1,36,'2022-04-06 19:04:15','successful login'),(1012,1,49,'2022-04-06 19:04:36','successful login'),(1013,1,46,'2022-04-06 19:07:05','successful login'),(1014,1,36,'2022-04-06 19:07:19','successful login'),(1015,1,49,'2022-04-06 19:07:34','successful login'),(1016,1,46,'2022-04-06 19:12:24','successful login'),(1017,1,46,'2022-04-06 19:13:13','successful login'),(1018,1,36,'2022-04-06 19:13:21','successful login'),(1019,1,49,'2022-04-06 19:13:39','successful login'),(1020,1,36,'2022-04-07 17:31:53','successful login'),(1021,1,46,'2022-04-07 17:31:57','successful login'),(1022,1,46,'2022-04-07 17:35:06','successful login'),(1023,1,36,'2022-04-07 17:35:22','successful login'),(1024,1,46,'2022-04-07 17:37:12','successful login'),(1025,1,36,'2022-04-07 17:37:21','successful login'),(1026,1,46,'2022-04-07 17:41:03','successful login'),(1027,1,36,'2022-04-07 17:41:06','successful login'),(1028,1,46,'2022-04-07 17:49:45','successful login'),(1029,1,36,'2022-04-07 17:49:55','successful login'),(1030,1,46,'2022-04-07 17:56:48','successful login'),(1031,1,36,'2022-04-07 17:56:57','successful login'),(1032,1,46,'2022-04-07 18:11:14','successful login'),(1033,1,36,'2022-04-07 18:11:23','successful login'),(1034,1,46,'2022-04-07 18:14:08','successful login'),(1035,1,36,'2022-04-07 18:14:17','successful login'),(1036,1,46,'2022-04-10 13:03:54','successful login'),(1037,1,46,'2022-04-10 13:06:41','successful login'),(1038,1,36,'2022-04-10 18:49:13','successful login'),(1039,1,36,'2022-04-10 18:50:35','successful login'),(1040,1,46,'2022-04-10 18:50:39','successful login'),(1041,1,46,'2022-04-20 17:06:23','successful login'),(1042,1,46,'2022-04-20 17:09:32','successful login'),(1043,1,46,'2022-04-20 17:11:25','successful login'),(1044,1,46,'2022-04-20 17:13:18','successful login'),(1045,1,46,'2022-04-20 17:16:19','successful login'),(1046,1,46,'2022-04-20 17:24:37','successful login'),(1047,1,46,'2022-04-20 17:28:18','successful login'),(1048,1,46,'2022-04-20 17:32:14','successful login'),(1049,1,46,'2022-04-20 17:39:21','successful login'),(1050,1,46,'2022-04-20 17:43:53','successful login'),(1051,1,46,'2022-04-20 17:45:35','successful login'),(1052,1,46,'2022-04-20 17:46:35','successful login'),(1053,1,46,'2022-04-20 17:48:08','successful login'),(1054,1,46,'2022-04-20 17:49:08','successful login'),(1055,1,46,'2022-04-20 17:50:23','successful login'),(1056,1,46,'2022-04-20 17:54:32','successful login'),(1057,1,46,'2022-04-20 17:56:04','successful login'),(1058,1,46,'2022-04-20 17:58:27','successful login'),(1059,1,46,'2022-04-20 18:00:10','successful login'),(1060,1,46,'2022-04-20 18:08:22','successful login'),(1061,1,46,'2022-04-20 18:09:50','successful login'),(1062,1,46,'2022-04-20 18:14:33','successful login'),(1063,1,46,'2022-04-24 16:57:45','successful login'),(1064,1,46,'2022-04-24 17:01:07','successful login'),(1065,1,46,'2022-04-24 17:01:57','successful login'),(1066,1,46,'2022-04-24 17:02:55','successful login'),(1067,1,36,'2022-04-24 17:05:23','successful login'),(1068,1,46,'2022-04-24 17:12:02','successful login'),(1069,1,46,'2022-04-24 17:14:38','successful login'),(1070,1,46,'2022-04-24 17:17:25','successful login'),(1071,1,46,'2022-04-24 17:19:08','successful login'),(1072,1,46,'2022-04-24 17:21:05','successful login'),(1073,1,46,'2022-04-24 17:23:12','successful login'),(1074,1,46,'2022-04-24 17:24:51','successful login'),(1075,1,46,'2022-04-24 17:27:00','successful login'),(1076,1,46,'2022-04-24 17:28:04','successful login'),(1077,1,46,'2022-04-24 17:32:40','successful login'),(1078,1,46,'2022-04-24 17:36:23','successful login'),(1079,1,46,'2022-04-24 17:37:33','successful login'),(1080,1,46,'2022-04-24 17:39:14','successful login'),(1081,1,46,'2022-04-24 17:40:23','successful login'),(1082,1,36,'2022-04-24 17:43:20','successful login'),(1083,1,46,'2022-05-05 19:28:46','successful login'),(1084,1,46,'2022-05-09 19:15:29','successful login'),(1085,1,46,'2022-05-09 20:37:30','successful login'),(1086,1,36,'2022-05-09 20:39:47','successful login'),(1087,1,46,'2022-05-09 20:45:27','successful login'),(1088,1,46,'2022-05-09 20:46:16','successful login'),(1094,1,46,'2022-05-10 17:15:24','successful login'),(1095,1,46,'2022-05-10 17:16:00','successful login'),(1101,0,NULL,'2022-05-10 17:23:52','User doesn\'t exist with kissanyi!'),(1105,1,46,'2022-05-10 17:51:26','successful login');
/*!40000 ALTER TABLE `login_log` ENABLE KEYS */;
UNLOCK TABLES;

--
-- Table structure for table `login_user`
--

DROP TABLE IF EXISTS `login_user`;
/*!40101 SET @saved_cs_client     = @@character_set_client */;
/*!50503 SET character_set_client = utf8mb4 */;
CREATE TABLE `login_user` (
  `idlogin_user` int NOT NULL AUTO_INCREMENT,
  `user_email` varchar(80) DEFAULT NULL,
  `user_name` varchar(45) DEFAULT NULL,
  `user_pw` varchar(500) DEFAULT NULL,
  `created_date` datetime NOT NULL DEFAULT CURRENT_TIMESTAMP,
  PRIMARY KEY (`idlogin_user`),
  UNIQUE KEY `user_email_UNIQUE` (`user_email`),
  UNIQUE KEY `user_name_UNIQUE` (`user_name`)
) ENGINE=InnoDB AUTO_INCREMENT=81 DEFAULT CHARSET=utf8mb4 COLLATE=utf8mb4_0900_ai_ci;
/*!40101 SET character_set_client = @saved_cs_client */;

--
-- Dumping data for table `login_user`
--

LOCK TABLES `login_user` WRITE;
/*!40000 ALTER TABLE `login_user` DISABLE KEYS */;
INSERT INTO `login_user` VALUES (21,'asd','asdad3','$2b$10$g4nlWm31fJ5CNMn.HurrBuTkml5uMAJK9FW54gErbgJGnATrASrLO','0000-00-00 00:00:00'),(26,'asd@asd.hu','fff','$2b$10$g4nlWm31fJ5CNMn.HurrBuTkml5uMAJK9FW54gErbgJGnATrASrLO','0000-00-00 00:00:00'),(29,'aasdsada@assah.hu','asd1','$2b$10$g4nlWm31fJ5CNMn.HurrBuTkml5uMAJK9FW54gErbgJGnATrASrLO','0000-00-00 00:00:00'),(30,'hdhsd@asd.huasdas','teszt','$2b$10$g4nlWm31fJ5CNMn.HurrBuTkml5uMAJK9FW54gErbgJGnATrASrLO','0000-00-00 00:00:00'),(32,'test@test.com','test','$2b$10$g4nlWm31fJ5CNMn.HurrBuTkml5uMAJK9FW54gErbgJGnATrASrLO','0000-00-00 00:00:00'),(33,'12342sdfjnhbsildf@protonmail.com','fkfp','$2b$10$g4nlWm31fJ5CNMn.HurrBuTkml5uMAJK9FW54gErbgJGnATrASrLO','2021-08-12 18:40:05'),(34,'jancsiba@asd.com','bela','$2b$10$g4nlWm31fJ5CNMn.HurrBuTkml5uMAJK9FW54gErbgJGnATrASrLO','2021-09-22 13:21:34'),(35,NULL,NULL,'$2b$10$g4nlWm31fJ5CNMn.HurrBuTkml5uMAJK9FW54gErbgJGnATrASrLO','2021-09-24 14:42:54'),(36,'pityuka@gmail.com','pityuu','$2b$10$40zhGNyjwMELYJ89Y2M4FOhC6R//B.bYHo/C9kIkMLyJWKcq53KMy','2021-10-20 11:55:01'),(37,'almakorte@gmail.com','almacska','$2b$10$8gnslPi.rz4r.1moxMTjseoF5G1k/nkc2wJ6c3lhFpl/MM3.JYuvW','2021-10-26 11:41:58'),(38,'kortealma@gmail.com','almacska21','$2b$10$yYWJqzuql3g2AusTb5YF0eStXX333/w3NDwbWcBTkZmb0AvNEnBcW','2021-10-26 11:44:20'),(39,'kortesalma@gmail.com','almacska22','$2b$10$pXgV9VsOlHsrTnYwaj3j7.4o48sJ1Zabelt0k7J71KZA3zYkApn8S','2021-10-26 17:34:42'),(40,'almaskortes@gmail.com','almacska24','$2b$10$BAKdqReD7cDl9Uwfzv9YqufTb5SPfV3GIcgP7xKiJJiomWnBh2pJS','2021-10-26 17:48:16'),(41,'almacska@gmail.com','almacska25','$2b$10$Qy1QxafvGAWmiOt.InUVT.akmmiDB/7xwHSp/JvX6WzcHl3S9SsFS','2021-10-26 17:59:06'),(42,'kortecske@gmail.com','almacska26','$2b$10$vRzQ2IGPTv2IZTlXR4kGweVNMzEtom0UwWHfs8zBk/s3k/zHlF1WS','2021-10-26 18:18:21'),(43,'almcsakortecske@gmail.com','almacska30','$2b$10$phwhg3R/knq9DVNwQhUCHug/vWSAY6Xm2lVtqP.u4CqN4XuB2oIFa','2021-10-26 18:25:30'),(44,'kkis@gmail.com','almacska31','$2b$10$LuiuGNCDvGnQTGRwmp9Lhufz01VRqlw482uDpRah1G6HeHkwQzVU.','2021-10-26 18:58:06'),(45,'bananka@gmail.com','banan2','$2b$10$pILs8DFuVAMdowt.tyTBQOZqnyVrTbmy36fo3KTqPqP/m78sUSJVe','2021-10-26 19:11:02'),(46,'kortevagyok@gmail.com','banan24','$2b$10$VoEo6kR0sBZesDl.NQ1JHemt4OmNQ9d7OB5JR4jHHRX3zb2CncpUe','2021-10-27 10:16:18'),(47,'eper@yahoo.com','eper22','$2b$10$Hl.L.PAFZXIbJhlozSmW3OW8NP9nmxsR0Z2XAvQqgpqS2aifnGVI6','2021-12-07 16:09:38'),(49,'barackos@yahoo.com','sanyikaaa','$2b$10$c82LTr6xx2D/hEFofJPKz.snRt.aylRzMe8LzO3B0OcXGeYyxz0MW','2022-04-06 18:06:19');
/*!40000 ALTER TABLE `login_user` ENABLE KEYS */;
UNLOCK TABLES;

--
-- Table structure for table `match_history_data`
--

DROP TABLE IF EXISTS `match_history_data`;
/*!40101 SET @saved_cs_client     = @@character_set_client */;
/*!50503 SET character_set_client = utf8mb4 */;
CREATE TABLE `match_history_data` (
  `idLast_match_data` int NOT NULL AUTO_INCREMENT,
  `Hit_ships` int DEFAULT NULL,
  `Date` datetime DEFAULT CURRENT_TIMESTAMP,
  `idlogin_user` int NOT NULL,
  `match_result` varchar(10) NOT NULL,
  PRIMARY KEY (`idLast_match_data`),
  KEY `fk_match_history_data_login_user1_idx` (`idlogin_user`),
  CONSTRAINT `fk_match_history_data_login_user1` FOREIGN KEY (`idlogin_user`) REFERENCES `login_user` (`idlogin_user`)
) ENGINE=InnoDB AUTO_INCREMENT=86 DEFAULT CHARSET=utf8mb4 COLLATE=utf8mb4_0900_ai_ci;
/*!40101 SET character_set_client = @saved_cs_client */;

--
-- Dumping data for table `match_history_data`
--

LOCK TABLES `match_history_data` WRITE;
/*!40000 ALTER TABLE `match_history_data` DISABLE KEYS */;
INSERT INTO `match_history_data` VALUES (1,3,'2021-12-04 11:48:37',46,'win'),(2,3,'2021-12-04 14:00:49',46,'draw'),(3,4,'2021-12-04 14:04:24',46,'lose'),(4,3,'2021-12-04 14:06:51',46,'win'),(5,1,'2021-12-04 14:10:12',46,'lose'),(6,1,'2021-12-04 14:26:04',46,'draw'),(7,1,'2021-12-04 14:26:04',36,'draw'),(8,3,'2021-12-07 15:59:38',46,'win'),(9,3,'2021-12-07 15:59:46',46,'win'),(10,4,'2021-12-07 15:59:46',46,'win'),(11,2,'2021-12-31 16:18:59',36,'lose'),(12,4,'2021-12-31 16:18:59',46,'win'),(13,0,'2021-12-31 17:29:22',36,'lose'),(14,5,'2021-12-31 17:29:22',46,'win'),(15,7,'2021-12-31 17:42:35',36,'win'),(16,5,'2021-12-31 17:42:35',46,'lose'),(17,5,'2022-01-16 13:49:43',46,'lose'),(18,8,'2022-01-16 13:51:17',46,'win'),(19,7,'2022-01-21 17:44:48',46,'lose'),(20,7,'2022-01-21 17:44:48',46,'lose'),(21,16,'2022-01-22 16:35:26',46,'win'),(22,16,'2022-01-22 16:35:26',46,'win'),(23,8,'2022-01-22 16:44:55',46,'lose'),(24,7,'2022-01-22 16:58:05',46,'lose'),(25,2,'2022-01-22 16:58:16',46,'lose'),(26,2,'2022-01-22 16:58:16',46,'lose'),(27,2,'2022-01-22 16:58:16',46,'lose'),(28,6,'2022-01-26 11:58:10',46,'draw'),(29,0,'2022-02-28 19:23:30',46,'draw'),(30,0,'2022-02-28 19:24:47',46,'draw'),(31,0,'2022-03-05 17:59:48',46,'draw'),(32,0,'2022-03-05 18:04:16',46,'draw'),(33,3,'2022-03-05 19:02:38',46,'lose'),(34,2,'2022-03-05 19:03:51',46,'lose'),(35,3,'2022-03-05 19:05:23',46,'draw'),(36,3,'2022-03-05 19:05:55',46,'lose'),(37,4,'2022-03-05 19:10:28',46,'draw'),(38,1,'2022-03-05 19:13:40',46,'lose'),(39,9,'2022-03-05 19:17:13',46,'draw'),(40,8,'2022-03-05 19:21:25',46,'lose'),(41,9,'2022-03-05 19:23:41',46,'draw'),(42,6,'2022-03-05 19:26:03',46,'lose'),(43,4,'2022-03-05 19:26:33',46,'lose'),(44,6,'2022-03-05 19:37:44',46,'win'),(45,2,'2022-03-05 19:40:10',46,'draw'),(46,5,'2022-03-07 18:20:52',46,'win'),(47,10,'2022-03-18 17:58:06',46,'win'),(48,0,'2022-03-18 17:58:06',36,'lose'),(49,7,'2022-03-21 20:09:23',36,'draw'),(50,9,'2022-03-21 20:09:51',36,'draw'),(51,4,'2022-03-21 20:10:42',36,'win'),(52,6,'2022-03-23 18:41:45',46,'draw'),(53,9,'2022-03-23 19:41:20',46,'draw'),(54,2,'2022-04-05 19:40:30',36,'win'),(55,0,'2022-04-05 19:43:48',36,'lose'),(56,2,'2022-04-05 19:47:53',36,'win'),(57,2,'2022-04-05 19:51:02',36,'win'),(58,1,'2022-04-05 19:51:02',46,'lose'),(59,0,'2022-04-05 19:54:43',46,'draw'),(60,0,'2022-04-05 19:54:43',36,'draw'),(61,1,'2022-04-07 17:45:14',46,'lose'),(62,2,'2022-04-07 17:45:14',36,'win'),(63,0,'2022-04-07 17:54:13',46,'draw'),(64,0,'2022-04-07 17:54:13',36,'draw'),(65,2,'2022-04-07 17:57:59',46,'win'),(66,1,'2022-04-07 17:57:59',36,'lose'),(67,1,'2022-04-07 18:11:54',46,'draw'),(68,1,'2022-04-07 18:11:54',36,'draw'),(69,0,'2022-04-07 18:14:37',46,'draw'),(70,0,'2022-04-07 18:14:37',36,'draw'),(71,5,'2022-04-10 13:04:27',46,'draw'),(72,5,'2022-04-10 13:05:01',46,'lose'),(73,6,'2022-04-10 13:05:54',46,'win'),(74,2,'2022-04-10 18:53:18',36,'draw'),(75,2,'2022-04-10 18:53:18',46,'draw'),(76,2,'2022-04-20 17:06:55',46,'win'),(77,2,'2022-04-20 17:07:26',46,'draw'),(78,0,'2022-04-20 17:09:55',46,'lose'),(79,1,'2022-04-20 17:11:48',46,'draw'),(80,6,'2022-04-20 18:10:28',46,'draw'),(81,8,'2022-04-20 18:11:15',46,'lose'),(82,1,'2022-04-24 17:44:27',46,'win'),(83,0,'2022-04-24 17:44:27',36,'lose'),(84,1,'2022-05-09 20:44:12',36,'win'),(85,0,'2022-05-09 20:44:12',46,'lose');
/*!40000 ALTER TABLE `match_history_data` ENABLE KEYS */;
UNLOCK TABLES;

--
-- Temporary view structure for view `profil`
--

DROP TABLE IF EXISTS `profil`;
/*!50001 DROP VIEW IF EXISTS `profil`*/;
SET @saved_cs_client     = @@character_set_client;
/*!50503 SET character_set_client = utf8mb4 */;
/*!50001 CREATE VIEW `profil` AS SELECT 
 1 AS `name`,
 1 AS `db`,
 1 AS `idlogin_user`*/;
SET character_set_client = @saved_cs_client;

--
-- Table structure for table `scored_points`
--

DROP TABLE IF EXISTS `scored_points`;
/*!40101 SET @saved_cs_client     = @@character_set_client */;
/*!50503 SET character_set_client = utf8mb4 */;
CREATE TABLE `scored_points` (
  `Scored_points_ID` int NOT NULL,
  `Singleplayer_Scores` int DEFAULT NULL,
  `Multiplayer_Scores` int DEFAULT NULL,
  PRIMARY KEY (`Scored_points_ID`)
) ENGINE=InnoDB DEFAULT CHARSET=utf8mb4 COLLATE=utf8mb4_0900_ai_ci;
/*!40101 SET character_set_client = @saved_cs_client */;

--
-- Dumping data for table `scored_points`
--

LOCK TABLES `scored_points` WRITE;
/*!40000 ALTER TABLE `scored_points` DISABLE KEYS */;
/*!40000 ALTER TABLE `scored_points` ENABLE KEYS */;
UNLOCK TABLES;

--
-- Table structure for table `scores`
--

DROP TABLE IF EXISTS `scores`;
/*!40101 SET @saved_cs_client     = @@character_set_client */;
/*!50503 SET character_set_client = utf8mb4 */;
CREATE TABLE `scores` (
  `Scores_ID` int NOT NULL AUTO_INCREMENT,
  `idlogin_user` int NOT NULL,
  `Singleplayer_Scores` int DEFAULT NULL,
  `Multiplayer_Scores` int DEFAULT NULL,
  `Multiplayer_Level` int DEFAULT NULL,
  `Singleplayer_Level` int DEFAULT NULL,
  PRIMARY KEY (`Scores_ID`),
  KEY `fk_scores_login_user1_idx` (`idlogin_user`),
  CONSTRAINT `fk_scores_login_user1` FOREIGN KEY (`idlogin_user`) REFERENCES `login_user` (`idlogin_user`) ON DELETE CASCADE ON UPDATE CASCADE
) ENGINE=InnoDB AUTO_INCREMENT=12 DEFAULT CHARSET=utf8mb4 COLLATE=utf8mb4_0900_ai_ci;
/*!40101 SET character_set_client = @saved_cs_client */;

--
-- Dumping data for table `scores`
--

LOCK TABLES `scores` WRITE;
/*!40000 ALTER TABLE `scores` DISABLE KEYS */;
INSERT INTO `scores` VALUES (5,45,2,0,NULL,0),(6,46,254,250,5,50),(7,36,200,200,4,2),(8,47,0,0,0,0),(9,49,0,0,0,0);
/*!40000 ALTER TABLE `scores` ENABLE KEYS */;
UNLOCK TABLES;

--
-- Temporary view structure for view `test`
--

DROP TABLE IF EXISTS `test`;
/*!50001 DROP VIEW IF EXISTS `test`*/;
SET @saved_cs_client     = @@character_set_client;
/*!50503 SET character_set_client = utf8mb4 */;
/*!50001 CREATE VIEW `test` AS SELECT 
 1 AS `name`,
 1 AS `db`,
 1 AS `idlogin_user`*/;
SET character_set_client = @saved_cs_client;

--
-- Dumping events for database 'game_database'
--

--
-- Dumping routines for database 'game_database'
--

--
-- Final view structure for view `profil`
--

/*!50001 DROP VIEW IF EXISTS `profil`*/;
/*!50001 SET @saved_cs_client          = @@character_set_client */;
/*!50001 SET @saved_cs_results         = @@character_set_results */;
/*!50001 SET @saved_col_connection     = @@collation_connection */;
/*!50001 SET character_set_client      = utf8mb4 */;
/*!50001 SET character_set_results     = utf8mb4 */;
/*!50001 SET collation_connection      = utf8mb4_0900_ai_ci */;
/*!50001 CREATE ALGORITHM=UNDEFINED */
/*!50013 DEFINER=`root`@`localhost` SQL SECURITY DEFINER */
/*!50001 VIEW `profil` AS select 'playedgames' AS `name`,count(`match_history_data`.`Date`) AS `db`,`match_history_data`.`idlogin_user` AS `idlogin_user` from `match_history_data` group by `match_history_data`.`idlogin_user` union select 'wins' AS `name`,count(0) AS `db`,`match_history_data`.`idlogin_user` AS `idlogin_user` from `match_history_data` where (`match_history_data`.`match_result` = 'win') group by `match_history_data`.`idlogin_user` union select 'lost' AS `name`,count(0) AS `db`,`match_history_data`.`idlogin_user` AS `idlogin_user` from `match_history_data` where (`match_history_data`.`match_result` = 'lose') group by `match_history_data`.`idlogin_user` union select 'shipshit' AS `name`,sum(`match_history_data`.`Hit_ships`) AS `db`,`match_history_data`.`idlogin_user` AS `idlogin_user` from `match_history_data` group by `match_history_data`.`idlogin_user` union select 'sp_score' AS `name`,`scores`.`Singleplayer_Scores` AS `db`,`scores`.`idlogin_user` AS `idlogin_user` from `scores` group by `scores`.`idlogin_user` union select 'sp_level' AS `name`,`scores`.`Singleplayer_Level` AS `db`,`scores`.`idlogin_user` AS `idlogin_user` from `scores` group by `scores`.`idlogin_user` union select 'mp_score' AS `name`,`scores`.`Multiplayer_Scores` AS `db`,`scores`.`idlogin_user` AS `idlogin_user` from `scores` group by `scores`.`idlogin_user` union select 'mp_level' AS `name`,`scores`.`Multiplayer_Level` AS `db`,`scores`.`idlogin_user` AS `idlogin_user` from `scores` group by `scores`.`idlogin_user` */;
/*!50001 SET character_set_client      = @saved_cs_client */;
/*!50001 SET character_set_results     = @saved_cs_results */;
/*!50001 SET collation_connection      = @saved_col_connection */;

--
-- Final view structure for view `test`
--

/*!50001 DROP VIEW IF EXISTS `test`*/;
/*!50001 SET @saved_cs_client          = @@character_set_client */;
/*!50001 SET @saved_cs_results         = @@character_set_results */;
/*!50001 SET @saved_col_connection     = @@collation_connection */;
/*!50001 SET character_set_client      = utf8mb4 */;
/*!50001 SET character_set_results     = utf8mb4 */;
/*!50001 SET collation_connection      = utf8mb4_0900_ai_ci */;
/*!50001 CREATE ALGORITHM=UNDEFINED */
/*!50013 DEFINER=`root`@`localhost` SQL SECURITY DEFINER */
/*!50001 VIEW `test` AS select 'regCount' AS `name`,count(0) AS `db`,`login_user`.`idlogin_user` AS `idlogin_user` from `login_user` union select 'scores' AS `name`,count(0) AS `db`,`scores`.`idlogin_user` AS `idlogin_user` from `scores` union select 'wins' AS `name`,count(0) AS `db`,`match_history_data`.`idlogin_user` AS `idlogin_user` from `match_history_data` where (`match_history_data`.`match_result` = 'win') union select 'lost' AS `name`,count(0) AS `db`,`match_history_data`.`idlogin_user` AS `idlogin_user` from `match_history_data` where (`match_history_data`.`match_result` = 'lose') union select 'draw' AS `name`,count(0) AS `db`,`match_history_data`.`idlogin_user` AS `idlogin_user` from `match_history_data` where (`match_history_data`.`match_result` = 'draw') union select 'shipshit' AS `name`,sum(`match_history_data`.`Hit_ships`) AS `db`,`match_history_data`.`idlogin_user` AS `idlogin_user` from `match_history_data` */;
/*!50001 SET character_set_client      = @saved_cs_client */;
/*!50001 SET character_set_results     = @saved_cs_results */;
/*!50001 SET collation_connection      = @saved_col_connection */;
/*!40103 SET TIME_ZONE=@OLD_TIME_ZONE */;

/*!40101 SET SQL_MODE=@OLD_SQL_MODE */;
/*!40014 SET FOREIGN_KEY_CHECKS=@OLD_FOREIGN_KEY_CHECKS */;
/*!40014 SET UNIQUE_CHECKS=@OLD_UNIQUE_CHECKS */;
/*!40101 SET CHARACTER_SET_CLIENT=@OLD_CHARACTER_SET_CLIENT */;
/*!40101 SET CHARACTER_SET_RESULTS=@OLD_CHARACTER_SET_RESULTS */;
/*!40101 SET COLLATION_CONNECTION=@OLD_COLLATION_CONNECTION */;
/*!40111 SET SQL_NOTES=@OLD_SQL_NOTES */;

-- Dump completed on 2022-05-11 14:48:57
